Names,Emails,Phone Numbers
Abigail Garcia,abigailgarcia513@hotmail.com,09921204689
Alexander Harris,alexanderharris29@outlook.com,09266774864
Alexander Jackson,alexanderjackson888@yahoo.com,09126499986
Amelia Hall,ameliahall593@hotmail.com,09710157443
Amelia Hall,ameliahall12@hotmail.com,09613032217
Aria Clark,ariaclark615@outlook.com,09752999917
Benjamin Brown,benjaminbrown193@hotmail.com,09687156086
Benjamin Martin,benjaminmartin666@hotmail.com,09523701906
Benjamin Thompson,benjaminthompson182@yahoo.com,09329044847
Elijah Smith,elijahsmith979@yahoo.com,09791057504
Elijah White,elijahwhite577@outlook.com,09699183322
Evelyn Jackson,evelynjackson527@outlook.com,09717314370
Grace Martinez,gracemartinez420@outlook.com,09701741823
Grace Taylor,gracetaylor400@outlook.com,09162895407
Henry Rodriguez,henryrodriguez52@outlook.com,09754979993
Ian Ferrer,seanfer504@gmail.com,09876543212
Kakasawa Tan,kakasawatan10@gmail.com,09122334455
Liam Harris,liamharris713@yahoo.com,09593560929
Liam Rodriguez,liamrodriguez132@gmail.com,09354727896
Liam Walker,liamwalker131@hotmail.com,09816650948
Lucas Hall,lucashall785@gmail.com,09991493055
Lucas Martinez,lucasmartinez711@outlook.com,09293983174
Lucas Rodriguez,lucasrodriguez432@outlook.com,09612469010
Lucas Walker,lucaswalker103@gmail.com,09813297199
Noah Thompson,noahthompson211@gmail.com,09850075937
Noah Walker,noahwalker91@gmail.com,09223371971
Oliver Rodriguez,oliverrodriguez45@hotmail.com,09867398853
Scarlett Martinez,scarlettmartinez173@gmail.com,09461109942
Scarlett Taylor,scarletttaylor243@gmail.com,09679990277
Sofia Martin,sofiamartin794@outlook.com,09256226419
William Anderson,williamanderson937@hotmail.com,09283513149
William Robinson,williamrobinson43@outlook.com,09346193619
